<?xml version="1.0" encoding="UTF-8"?>
<!DOCTYPE mapper
  PUBLIC "-//mybatis.org//DTD Mapper 3.0//EN"
  "http://mybatis.org/dtd/mybatis-3-mapper.dtd">
<mapper namespace="org.zerock.mapper.ReplyMapper">
	<!-- 등록 -->
	<insert id="insert">
		insert into tbl_reply values(seq_reply.nextval,#{bno},#{reply},#{replyer},sysdate,sysdate)
	</insert>
	<!-- 상세보기 -->
	<select id="get" resultType="org.zerock.domain.ReplyVo">
		select * from tbl_reply where rno=#{rno}
	</select>
	<!-- 리스트 불러오기 -->
	<select id="getList"  resultType="org.zerock.domain.ReplyVo">
		select  rno, bno, reply, replyer, replydate,
			case 
			    when to_char(sysdate,'yyyymmdd')=to_char(updatedate,'yyyymmdd')
			    then to_char(updatedate,'yyyy/mm/dd hh:mi:ss')
			    else to_char(updatedate,'hh:mi:ss') 
			end updatedate
		from tbl_reply where bno=#{bno}
		order by rno desc
	</select>
	<!-- 삭제 -->
	<delete id="delete">
		delete tbl_reply where rno=#{rno}
	</delete>
	<!-- 수정 -->
	<update id="update">
		update tbl_reply set reply = #{reply} , replyer = #{replyer} , updatedate = sysdate where rno = #{rno}
	</update>
</mapper>